{"count":1,"self":1569.1167744,"total":38376.983873699995,"children":{"InitializeActuators":{"count":2,"self":0.0010004,"total":0.0010004,"children":null},"InitializeSensors":{"count":2,"self":0.0089984,"total":0.0089984,"children":null},"AgentSendState":{"count":1454062,"self":2.7438393999999997,"total":962.17777319999993,"children":{"CollectObservations":{"count":290813,"self":22.384153599999998,"total":22.3841534,"children":null},"WriteActionMask":{"count":290813,"self":0.25003369999999997,"total":0.25003369999999997,"children":null},"RequestDecision":{"count":290813,"self":0.85403869999999993,"total":936.7997467,"children":{"AgentInfo.ToProto":{"count":290813,"self":1.8083228,"total":935.945708,"children":{"GenerateSensorData":{"count":290813,"self":33.38912,"total":934.1373853,"children":{"RenderTextureSensor.GetCompressedObservation":{"count":1454065,"self":900.748288,"total":900.7482646,"children":null}}}}}}}}},"DecideAction":{"count":1454062,"self":35836.565913599996,"total":35836.5662842,"children":null},"AgentAct":{"count":1454062,"self":7.1591264,"total":8.8550737,"children":{"AgentInfo.ToProto":{"count":548,"self":0.00099859999999999988,"total":1.6959471,"children":{"GenerateSensorData":{"count":548,"self":0.07801,"total":1.6949485,"children":{"RenderTextureSensor.GetCompressedObservation":{"count":2740,"self":1.6169384999999998,"total":1.6169384999999998,"children":null}}}}}}},"AgentInfo.ToProto":{"count":91,"self":0.0010014,"total":0.2559867,"children":{"GenerateSensorData":{"count":91,"self":0.0089965,"total":0.25498529999999997,"children":{"RenderTextureSensor.GetCompressedObservation":{"count":455,"self":0.24598879999999998,"total":0.24598879999999998,"children":null}}}}}},"gauges":{"My Behavior.CumulativeReward":{"count":639,"max":19.5978565,"min":-100.259735,"runningAverage":-7.3653264,"value":-81.17463,"weightedAverage":-19.9799633}},"metadata":{"timer_format_version":"0.1.0","start_time_seconds":"1639154409","unity_version":"2021.1.6f1","command_line_arguments":"D:\\School\\3-2-Semester\\UnityML\\Challenge\\.\/RLVillage\\DroneDelivery.exe --mlagents-port 5007 -logFile D:\\School\\3-2-Semester\\UnityML\\Challenge\\results\\d01\\run_logs\\Player-2.log","communication_protocol_version":"1.5.0","com.unity.ml-agents_version":"2.0.0-exp.1","scene_name":"TrainScene","end_time_seconds":"1639192786"}}